http://interaktiv.morgenpost.de/europakarte/	200|https://interaktiv.morgenpost.de/europakarte/|20490
http://projects.aljazeera.com/2013/syrias-refugees/	200|https://www.aljazeera.com/|458264
http://www.nytimes.com/interactive/2015/05/03/upshot/the-best-and-worst-places-to-grow-up-how-your-area-compares.html	403|http://www.nytimes.com/interactive/2015/05/03/upshot/the-best-and-worst-places-to-grow-up-how-your-area-compares.html|774
http://www.nytimes.com/interactive/2016/11/08/us/elections/north-carolina-presidential-election-precinct-maps.html	403|http://www.nytimes.com/interactive/2016/11/08/us/elections/north-carolina-presidential-election-precinct-maps.html|774
http://www.nytimes.com/interactive/2016/11/08/us/elections/how-trump-pushed-the-election-map-to-the-right.html	403|http://www.nytimes.com/interactive/2016/11/08/us/elections/how-trump-pushed-the-election-map-to-the-right.html|774
http://www.nytimes.com/interactive/2015/07/08/us/census-race-map.html	403|http://www.nytimes.com/interactive/2015/07/08/us/census-race-map.html|774
http://www.nytimes.com/interactive/2015/11/21/world/middleeast/inside-raqqa-capital-of-isis.html	403|http://www.nytimes.com/interactive/2015/11/21/world/middleeast/inside-raqqa-capital-of-isis.html|774
https://www.theguardian.com/politics/ng-interactive/2016/jun/23/eu-referendum-live-results-and-analysis	200|https://www.theguardian.com/politics/ng-interactive/2016/jun/23/eu-referendum-live-results-and-analysis|226052
https://www.theguardian.com/society/ng-interactive/2015/sep/02/unaffordable-country-where-can-you-afford-to-buy-a-house	200|https://www.theguardian.com/society/ng-interactive/2015/sep/02/unaffordable-country-where-can-you-afford-to-buy-a-house|721231
https://pudding.cool/2017/01/shape-of-slavery/	200|https://pudding.cool/2017/01/shape-of-slavery/|24470
http://journal.adamwestbrook.co.uk/thedivorce/	000|http://journal.adamwestbrook.co.uk/thedivorce/|0
http://shipmap.org/	200|https://www.shipmap.org/|76930
http://news.nationalgeographic.com/2016/11/us-commutes-reveal-new-economic-megaregions-map/	200|https://www.nationalgeographic.com/|593901
http://www.latimes.com/projects/la-na-pol-sanders-donors/	200|https://www.latimes.com/projects/la-na-pol-sanders-donors/|11912
http://interaktiv.morgenpost.de/m29/	200|https://interaktiv.morgenpost.de/m29/|42871
http://www.bloomberg.com/graphics/2015-whats-warming-the-world/	403|http://www.bloomberg.com/graphics/2015-whats-warming-the-world/|13856
http://graphics.latimes.com/kobe-every-shot-ever/	200|https://graphics.latimes.com/kobe-every-shot-ever/|13419
https://www.buzzfeed.com/peteraldhous/spies-in-the-skies	200|https://www.buzzfeednews.com/article/peteraldhous/spies-in-the-skies|796718
https://politibot.es/interactivo/caida-pse-pais-vasco-25s/	200|https://politibot.es/404|40166
http://geon.github.io/programming/2016/03/03/dsxyliea	200|http://geon.github.io/programming/2016/03/03/dsxyliea|7334
http://www.nytimes.com/interactive/2016/08/09/sports/olympics/2016-08-09-olympics-phelps-vs-phelps.html	403|http://www.nytimes.com/interactive/2016/08/09/sports/olympics/2016-08-09-olympics-phelps-vs-phelps.html|774
https://www.theguardian.com/world/interactive/2013/nov/01/snowden-nsa-files-surveillance-revelations-decoded	200|https://www.theguardian.com/world/interactive/2013/nov/01/snowden-nsa-files-surveillance-revelations-decoded|197064
https://www.theguardian.com/sport/ng-interactive/2016/aug/20/how-usain-bolt-secured-the-triple-treble-with-jamaica-in-the-4x100m	200|https://www.theguardian.com/sport/ng-interactive/2016/aug/20/how-usain-bolt-secured-the-triple-treble-with-jamaica-in-the-4x100m|220905
http://www.zeit.de/feature/mauerfall-das-geteilte-land	200|https://www.zeit.de/feature/mauerfall-das-geteilte-land|269849
https://www.splcenter.org/hate-map	200|https://www.splcenter.org/hate-map/|254465
http://graphics.wsj.com/blue-feed-red-feed/	200|http://graphics.wsj.com/blue-feed-red-feed/|26977
https://www.theguardian.com/us-news/ng-interactive/2017/jan/20/donald-trump-first-100-days-president-daily-updates	200|https://www.theguardian.com/us-news/ng-interactive/2017/jan/20/donald-trump-first-100-days-president-daily-updates|247079
http://highline.huffingtonpost.com/articles/en/poor-millennials/	200|https://highline.huffingtonpost.com/articles/en/poor-millennials/|168173
http://www.nytimes.com/projects/2012/snow-fall/	200|https://www.nytimes.com/projects/2012/snow-fall/index.html|177243
http://fivethirtyeight.com/features/gun-deaths/	200|https://abcnews.com/politics|303712
http://www.nytimes.com/interactive/2015/12/29/arts/design/sound-architecture.html	403|http://www.nytimes.com/interactive/2015/12/29/arts/design/sound-architecture.html|774
http://www.nytimes.com/interactive/2015/03/19/upshot/3d-yield-curve-economic-growth.html	403|http://www.nytimes.com/interactive/2015/03/19/upshot/3d-yield-curve-economic-growth.html|774
http://www.nytimes.com/interactive/2015/01/09/sports/the-dawn-wall-el-capitan.html	403|http://www.nytimes.com/interactive/2015/01/09/sports/the-dawn-wall-el-capitan.html|774
http://www.nationalgeographic.com/new-york-city-skyline-tallest-midtown-manhattan/	200|https://www.nationalgeographic.com/new-york-city-skyline-tallest-midtown-manhattan/|25077
http://graphics.wsj.com/3d-nasdaq/	200|http://graphics.wsj.com/3d-nasdaq/|19474
https://www.theguardian.com/us-news/ng-interactive/2015/oct/19/homan-square-chicago-police-detainees	200|https://www.theguardian.com/us-news/ng-interactive/2015/oct/19/homan-square-chicago-police-detainees|224717
http://drones.pitchinteractive.com/	200|https://drones.pitchinteractive.com/|10769
https://www.theguardian.com/world/ng-interactive/2016/apr/27/6x9-a-virtual-experience-of-solitary-confinement	200|https://www.theguardian.com/world/ng-interactive/2016/apr/27/6x9-a-virtual-experience-of-solitary-confinement|225103
http://www.nytimes.com/newsgraphics/2013/08/18/reshaping-new-york/	200|https://www.nytimes.com/newsgraphics/2013/08/18/reshaping-new-york/index.html|104216
http://qz.com/se/map-of-the-internet/	200|https://qz.com/se/map-of-the-internet|145006
http://www.nytimes.com/marketing/nytvr/	200|https://www.nytimes.com/subscription|73628
http://www.bloomberg.com/graphics/2015-paul-ford-what-is-code/	403|http://www.bloomberg.com/graphics/2015-paul-ford-what-is-code/|13856
http://www.nytimes.com/interactive/2016/08/13/sports/olympics/can-you-beat-usain-bolt-out-of-the-blocks.html	403|http://www.nytimes.com/interactive/2016/08/13/sports/olympics/can-you-beat-usain-bolt-out-of-the-blocks.html|774
https://www.theguardian.com/artanddesign/2015/dec/11/city-of-london-skyline-of-tomorrow-interactive	200|https://www.theguardian.com/artanddesign/2015/dec/11/city-of-london-skyline-of-tomorrow-interactive|486189
http://www.nytimes.com/interactive/2015/05/28/upshot/you-draw-it-how-family-income-affects-childrens-college-chances.html	403|http://www.nytimes.com/interactive/2015/05/28/upshot/you-draw-it-how-family-income-affects-childrens-college-chances.html|774
https://www.lucasinfografia.com/MUAC	200|https://www.lucasinfografia.com/MUAC|117759
https://www.theguardian.com/us-news/ng-interactive/2014/nov/06/-sp-congress-diversity-women-race-lgbt-are-you-represented	200|https://www.theguardian.com/us-news/ng-interactive/2014/nov/06/-sp-congress-diversity-women-race-lgbt-are-you-represented|277291
https://www.theguardian.com/us-news/ng-interactive/2016/oct/11/voter-turnout-presidential-election-states-2012-2016	200|https://www.theguardian.com/us-news/ng-interactive/2016/oct/11/voter-turnout-presidential-election-states-2012-2016|224512
http://projects.fivethirtyeight.com/reddit-ngram/	200|https://abcnews.com/politics|303712
https://www.theguardian.com/world/ng-interactive/2015/dec/02/how-well-do-you-really-know-your-country-take-our-quiz	200|https://www.theguardian.com/world/ng-interactive/2015/dec/02/how-well-do-you-really-know-your-country-take-our-quiz|274595
http://riorun.theguardian.com	200|http://riorun.theguardian.com/|2455
http://trump.kimalbrecht.com/network/	200|https://trump.kimalbrecht.com/network/|5195
https://www.theguardian.com/uk-news/ng-interactive/2015/aug/28/words-migrant-refugee-immigration	200|https://www.theguardian.com/uk-news/ng-interactive/2015/aug/28/words-migrant-refugee-immigration|269995
http://www.bloomberg.com/graphics/2015-red-meat-cancer/	403|http://www.bloomberg.com/graphics/2015-red-meat-cancer/|13856
http://www.bloomberg.com/billionaires/2016-09-27/cya	403|http://www.bloomberg.com/billionaires/2016-09-27/cya|13856
http://graphics.wsj.com/are-you-good-enough-to-be-a-tennis-line-judge/	200|http://graphics.wsj.com/are-you-good-enough-to-be-a-tennis-line-judge/|21666
http://projects.nytimes.com/interactive/sports/worldcup/spot-the-ball/2014/06/17	200|https://www.nytimes.com/interactive/projects/spot-the-ball/2014/06/17|306072
http://www.fallen.io/ww2/	200|https://www.neilfilms.com/ww2/|13027
http://www.nytimes.com/interactive/2016/08/20/sports/olympics/gold-medal-racing-speeds-on-the-same-scale.html	403|http://www.nytimes.com/interactive/2016/08/20/sports/olympics/gold-medal-racing-speeds-on-the-same-scale.html|774
http://www.nytimes.com/interactive/2016/07/22/us/politics/trump-immigration-ban-how-could-it-work.html	403|http://www.nytimes.com/interactive/2016/07/22/us/politics/trump-immigration-ban-how-could-it-work.html|774
https://ig.ft.com/sites/visual-history-of-womens-tennis/	200|https://ig.ft.com/sites/visual-history-of-womens-tennis/|31634
https://ig.ft.com/sites/urban-cycling/	200|https://ig.ft.com/sites/urban-cycling/|39289
http://www.nytimes.com/interactive/2015/09/14/world/middleeast/syria-war-deaths.html	403|http://www.nytimes.com/interactive/2015/09/14/world/middleeast/syria-war-deaths.html|774
http://histography.io/	200|http://histography.io/|6218
http://www.nytimes.com/interactive/2015/10/03/us/how-mass-shooters-got-their-guns.html	403|http://www.nytimes.com/interactive/2015/10/03/us/how-mass-shooters-got-their-guns.html|774
http://www.nytimes.com/interactive/2016/01/28/upshot/donald-trump-twitter-insults.html	403|http://www.nytimes.com/interactive/2016/01/28/upshot/donald-trump-twitter-insults.html|774
http://www.nytimes.com/interactive/2016/08/08/sports/olympics/history-olympic-dominance-charts.html	403|http://www.nytimes.com/interactive/2016/08/08/sports/olympics/history-olympic-dominance-charts.html|774
http://www.nationalgeographic.com/magazine/2016/06/shark-species-family-tree-ocean-ecosystem-predator/	200|https://www.nationalgeographic.com/magazine/graphics/shark-species-family-tree-ocean-ecosystem-predator|160915
http://www.r2d3.us/visual-intro-to-machine-learning-part-1/	522|http://www.r2d3.us/visual-intro-to-machine-learning-part-1/|16
https://www.theguardian.com/news/datablog/ng-interactive/2015/jul/17/interactive-whats-the-world-scared-of	200|https://www.theguardian.com/news/datablog/ng-interactive/2015/jul/17/interactive-whats-the-world-scared-of|290090
http://polygraph.cool/kickstarter/	200|https://polygraph.cool/kickstarter/|41257
http://www.dear-data.com/	200|http://www.dear-data.com/|354738
http://qz.com/296941/interactive-graphic-every-active-satellite-orbiting-earth/	200|https://qz.com/296941/interactive-graphic-every-active-satellite-orbiting-earth|222168
http://www.airbnbvsberlin.de/	200|https://www.airbnbvsberlin.de/|92223
http://www.nytimes.com/interactive/2016/07/29/us/elections/trump-clinton-pence-kaine-speeches.html	403|http://www.nytimes.com/interactive/2016/07/29/us/elections/trump-clinton-pence-kaine-speeches.html|774
http://www.lucasinfografia.com/Front-pages-analysis	200|https://www.lucasinfografia.com/Front-pages-analysis|118965
http://fivethirtyeight.com/features/a-plagiarism-scandal-is-unfolding-in-the-crossword-world/	200|https://abcnews.com/politics|303628
https://www.themarshallproject.org/next-to-die	200|https://www.themarshallproject.org/next-to-die|33004
https://www.buzzfeed.com/heidiblake/the-tennis-racket	200|https://www.buzzfeednews.com/article/heidiblake/the-tennis-racket|3428857
https://www.propublica.org/article/machine-bias-risk-assessments-in-criminal-sentencing	200|https://www.propublica.org/article/machine-bias-risk-assessments-in-criminal-sentencing|135729
https://www.propublica.org/article/breaking-the-black-box-what-facebook-knows-about-you	200|https://www.propublica.org/article/breaking-the-black-box-what-facebook-knows-about-you|83635
https://www.theguardian.com/us-news/ng-interactive/2015/jun/01/the-counted-police-killings-us-database	200|https://www.theguardian.com/us-news/ng-interactive/2015/jun/01/the-counted-police-killings-us-database|225198
http://panamapapers.sueddeutsche.de/	200|https://panamapapers.sueddeutsche.de/|188102
http://www.nytimes.com/interactive/2015/10/27/world/greenland-is-melting-away.html	403|http://www.nytimes.com/interactive/2015/10/27/world/greenland-is-melting-away.html|774
http://interaktiv.morgenpost.de/gruenste-staedte-deutschlands/	200|https://interaktiv.morgenpost.de/gruenste-staedte-deutschlands/|47355
http://www.nytimes.com/interactive/2016/10/24/world/asia/living-in-chinas-expanding-deserts.html	403|http://www.nytimes.com/interactive/2016/10/24/world/asia/living-in-chinas-expanding-deserts.html|774
http://www.nytimes.com/interactive/2015/07/30/world/asia/what-china-has-been-building-in-the-south-china-sea-2016.html	403|http://www.nytimes.com/interactive/2015/07/30/world/asia/what-china-has-been-building-in-the-south-china-sea-2016.html|774
https://projects.propublica.org/louisiana/	200|https://projects.propublica.org/louisiana/|43164
https://projects.propublica.org/las-vegas-growth-map/	200|https://projects.propublica.org/las-vegas-growth-map/|23810
https://theintercept.com/2016/04/22/googles-remarkably-close-relationship-with-the-obama-white-house-in-two-charts/	200|https://theintercept.com/2016/04/22/googles-remarkably-close-relationship-with-the-obama-white-house-in-two-charts/|176987
https://www.theguardian.com/world/ng-interactive/2015/sep/17/south-china-sea-images-reveal-impact-on-coral-of-beijings-military-bases	200|https://www.theguardian.com/world/ng-interactive/2015/sep/17/south-china-sea-images-reveal-impact-on-coral-of-beijings-military-bases|220844
https://theintercept.com/2016/10/18/best-of-luck-with-the-wall/	404|https://theintercept.com/2016/10/18/best-of-luck-with-the-wall/|10697
http://www.srf.ch/news/schweiz/gotthard/tauchen-sie-ein-in-den-neuen-tunnel	404|https://www.srf.ch/news/schweiz/gotthard/tauchen-sie-ein-in-den-neuen-tunnel|88733
https://www.bloomberg.com/graphics/infographics/	403|https://www.bloomberg.com/graphics/infographics/|13856
http://www.morgenpost.de/interaktiv/	200|https://www.morgenpost.de/interaktiv/|588719
https://github.com/BuzzFeedNews/everything	200|https://github.com/BuzzFeedNews/everything|335344
https://twitter.com/AP_Interactive	200|https://x.com/AP_Interactive|30277
http://www.datasketch.es/	200|https://www.datasketch.es/|54187
https://twitter.com/archietse/lists/graphics-departments	200|https://x.com/archietse/lists/graphics-departments|295261
https://www.washingtonpost.com/graphics/politics/2016-election/election-results-from-coast-to-coast/	000|https://www.washingtonpost.com/graphics/politics/2016-election/election-results-from-coast-to-coast/|0
https://www.washingtonpost.com/graphics/world/border-barriers/global-illegal-immigration-prevention/	000|https://www.washingtonpost.com/graphics/world/border-barriers/global-illegal-immigration-prevention/|0
https://twitter.com/IXT	200|https://x.com/IXT|199595
https://twitter.com/GuardianVisuals	200|https://x.com/GuardianVisuals|288355
http://www.nytimes.com/interactive/2014/12/29/us/year-in-interactive-storytelling.html	403|http://www.nytimes.com/interactive/2014/12/29/us/year-in-interactive-storytelling.html|774
http://www.nytimes.com/interactive/2015/us/year-in-interactive-storytelling.html	403|http://www.nytimes.com/interactive/2015/us/year-in-interactive-storytelling.html|774
http://www.nytimes.com/newsgraphics/2013/12/30/year-in-interactive-storytelling/	200|https://www.nytimes.com/newsgraphics/2013/12/30/year-in-interactive-storytelling/index.html|192563
http://polygraph.cool/	200|https://polygraph.cool/|96850
https://www.washingtonpost.com/graphics/politics/2016-election/dnc-emoji-reactions/	000|https://www.washingtonpost.com/graphics/politics/2016-election/dnc-emoji-reactions/|0
https://twitter.com/LATdatadesk	404|https://x.com/LATdatadesk|27180
https://twitter.com/NZZStorytelling	200|https://x.com/NZZStorytelling|83550
https://twitter.com/FiveThirtyEight	200|https://x.com/FiveThirtyEight|202521
https://www.propublica.org/data/	200|https://www.propublica.org/newsapps|414853
https://www.washingtonpost.com/graphics/politics/trump-products/	000|https://www.washingtonpost.com/graphics/politics/trump-products/|0
http://www.srf.ch/data	200|https://www.srf.ch/news/srf-data?srg_shorturl_source=data|747917
https://www.washingtonpost.com/graphics/sports/olympics/scale-of-the-olympics/	000|https://www.washingtonpost.com/graphics/sports/olympics/scale-of-the-olympics/|0
https://www.washingtonpost.com/graphics/politics/2016-election/trump-charts/	000|https://www.washingtonpost.com/graphics/politics/2016-election/trump-charts/|0
http://tulpinteractive.com/	200|https://tulpinteractive.com/|52837
http://apps.washingtonpost.com/g/page/world/the-depth-of-the-problem/931/	000|http://apps.washingtonpost.com/g/page/world/the-depth-of-the-problem/931/|0
https://twitter.com/k_i_l_n	200|https://x.com/k_i_l_n|198530
http://webkid.io/	200|https://webkid.io/|120007
https://www.washingtonpost.com/graphics/politics/donald-trump-vs-hillary-clinton-in-media/	000|https://www.washingtonpost.com/graphics/politics/donald-trump-vs-hillary-clinton-in-media/|0
https://www.washingtonpost.com/graphics/national/police-shootings-2016/	000|https://www.washingtonpost.com/graphics/national/police-shootings-2016/|0
https://twitter.com/PostGraphics	200|https://x.com/PostGraphics|276706
http://zeit.de/datenjournalismus	200|https://www.zeit.de/daten-und-visualisierung?=.......datenjournalismus.x&utm_medium=&utm_source=__&utm_campaign=&utm_content=__datenjournalismus_x|2601110
